code,name,category,brand,model,unit,currency_code,sale_price,stock_quantity,minimum_stock,vat_rate,lead_time,description,technical_summary,is_active
DANFOSS-FC-51-0-75-KW-001,"FC 51 0,75 kW Frekans Konvertörü 400 V AC, 2.2A, %150 Yüklenme IP 20, RFI Filtre, Modbus RTU",Inverter,Danfoss,"FC 51 0,75 kW",adet,EURTRY,123.06,0,0,20,,"FC 51 0,75 kW Frekans Konvertörü 400 V AC, 2.2A, %150 Yüklenme IP 20, RFI Filtre, Modbus RTU",Seri: Danfoss VLT® Micro Drives,true
DANFOSS-FC-51-1-5-KW-002,"FC 51 1,5 kW Frekans Konvertörü, 400 V AC, 3.7A %150 Yüklenme IP 20, RFI Filtre, Kıyıcı, Modbus RTU",Inverter,Danfoss,"FC 51 1,5 kW",adet,EURTRY,166.47,0,0,20,,"FC 51 1,5 kW Frekans Konvertörü, 400 V AC, 3.7A %150 Yüklenme IP 20, RFI Filtre, Kıyıcı, Modbus RTU",Seri: Danfoss VLT® Micro Drives,true
DANFOSS-FC-51-2-2-KW-003,"FC 51 2.2 kW Frekans Konvertörü, 400 V AC, 5.3A %150 Yüklenme IP 20, RFI Filtre, Kıyıcı, Modbus RTU",Inverter,Danfoss,FC 51 2.2 kW,adet,EURTRY,207.97,0,0,20,,"FC 51 2.2 kW Frekans Konvertörü, 400 V AC, 5.3A %150 Yüklenme IP 20, RFI Filtre, Kıyıcı, Modbus RTU",Seri: Danfoss VLT® Micro Drives,true
DANFOSS-FC-51-3-KW-004,"FC 51 3 kW Frekans Konvertörü, 400 V AC, 7.2A %150 Yüklenme IP 20, RFI Filtre, Kıyıcı, Modbus RTU",Inverter,Danfoss,FC 51 3 kW,adet,EURTRY,236.10,0,0,20,,"FC 51 3 kW Frekans Konvertörü, 400 V AC, 7.2A %150 Yüklenme IP 20, RFI Filtre, Kıyıcı, Modbus RTU",Seri: Danfoss VLT® Micro Drives,true
DANFOSS-FC-51-4-KW-005,"FC 51 4 kW Frekans Konvertörü, 400 V AC, 9A %150 Yüklenme IP 20, RFI Filtre, Kıyıcı, Modbus RTU",Inverter,Danfoss,FC 51 4 kW,adet,EURTRY,255.66,0,0,20,,"FC 51 4 kW Frekans Konvertörü, 400 V AC, 9A %150 Yüklenme IP 20, RFI Filtre, Kıyıcı, Modbus RTU",Seri: Danfoss VLT® Micro Drives,true
DANFOSS-FC-51-5-5-KW-006,"FC 51 5,5 kW Frekans Konvertörü, 400 V AC 12A %150 Yüklenme IP 20, RFI Filtre, Kıyıcı, Modbus RTU",Inverter,Danfoss,"FC 51 5,5 kW",adet,EURTRY,298.59,0,0,20,,"FC 51 5,5 kW Frekans Konvertörü, 400 V AC 12A %150 Yüklenme IP 20, RFI Filtre, Kıyıcı, Modbus RTU",Seri: Danfoss VLT® Micro Drives,true
DANFOSS-FC-51-7-5-KW-007,"FC 51 7,5 kW Frekans Konvertörü, 400 V AC, 15,5A %150 Yüklenme IP 20, RFI Filtre, Kıyıcı, Modbus RTU",Inverter,Danfoss,"FC 51 7,5 kW",adet,EURTRY,338.66,0,0,20,,"FC 51 7,5 kW Frekans Konvertörü, 400 V AC, 15,5A %150 Yüklenme IP 20, RFI Filtre, Kıyıcı, Modbus RTU",Seri: Danfoss VLT® Micro Drives,true
DANFOSS-FC-51-11-KW-008,"FC 51 11 kW Frekans Konvertörü, 400 V AC, 23A %150 Yüklenme IP 20, RFI Filtre, Kıyıcı, Modbus RTU",Inverter,Danfoss,FC 51 11 kW,adet,EURTRY,488.43,0,0,20,,"FC 51 11 kW Frekans Konvertörü, 400 V AC, 23A %150 Yüklenme IP 20, RFI Filtre, Kıyıcı, Modbus RTU",Seri: Danfoss VLT® Micro Drives,true
DANFOSS-FC-51-15-KW-009,"FC 51 15 kW Frekans Konvertörü, 400 V AC, 31A %150 Yüklenme IP 20, RFI Filtre, Kıyıcı, Modbus RTU",Inverter,Danfoss,FC 51 15 kW,adet,EURTRY,564.27,0,0,20,,"FC 51 15 kW Frekans Konvertörü, 400 V AC, 31A %150 Yüklenme IP 20, RFI Filtre, Kıyıcı, Modbus RTU",Seri: Danfoss VLT® Micro Drives,true
DANFOSS-FC-51-18-5-KW-010,"FC 51 18,5 kW Frekans Konvertörü, 400 V AC, 37A %150 Yüklenme IP 20, RFI Filtre, Kıyıcı, Modbus RTU",Inverter,Danfoss,"FC 51 18,5 kW",adet,EURTRY,697.35,0,0,20,,"FC 51 18,5 kW Frekans Konvertörü, 400 V AC, 37A %150 Yüklenme IP 20, RFI Filtre, Kıyıcı, Modbus RTU",Seri: Danfoss VLT® Micro Drives,true
DANFOSS-FC-51-22-KW-011,"FC 51 22 kW Frekans Konvertörü, 400 V AC, 43A %150 Yüklenme IP 20, RFI Filtre, Kıyıcı, Modbus RTU",Inverter,Danfoss,FC 51 22 kW,adet,EURTRY,818.98,0,0,20,,"FC 51 22 kW Frekans Konvertörü, 400 V AC, 43A %150 Yüklenme IP 20, RFI Filtre, Kıyıcı, Modbus RTU",Seri: Danfoss VLT® Micro Drives,true
DANFOSS-LCP-11-012,VLT® Control Panel LCP 11 Numerik Panel,Kontrol Panelleri,Danfoss,LCP 11,adet,EURTRY,20.64,0,0,20,,VLT® Control Panel LCP 11 Numerik Panel,Seri: Danfoss VLT® Options,true
DANFOSS-FC-101-0-75-KW-013,"FC 101 0,75 kW Frekans Konvertörü, 400 VAC, 2,2A %110 Yüklenme, IP 20, EMC/RFI Filtre, Modbus RTU, Bacnet",Inverter,Danfoss,"FC 101 0,75 kW",adet,EURTRY,166.28,0,0,20,,"FC 101 0,75 kW Frekans Konvertörü, 400 VAC, 2,2A %110 Yüklenme, IP 20, EMC/RFI Filtre, Modbus RTU, Bacnet",Seri: Danfoss VLT® Hvac Drives,true
DANFOSS-FC-101-1-5-KW-014,"FC 101 1,5 kW Frekans Konvertörü, 400 VAC, 3,7A %110 Yüklenme, IP 20, EMC/RFI Filtre, Modbus RTU, Bacnet",Inverter,Danfoss,"FC 101 1,5 kW",adet,EURTRY,221.07,0,0,20,,"FC 101 1,5 kW Frekans Konvertörü, 400 VAC, 3,7A %110 Yüklenme, IP 20, EMC/RFI Filtre, Modbus RTU, Bacnet",Seri: Danfoss VLT® Hvac Drives,true
DANFOSS-FC-101-2-2-KW-015,"FC 101 2,2 kW Frekans Konvertörü, 400 VAC, 5,3A %110 Yüklenme, IP 20, EMC/RFI Filtre, Modbus RTU, Bacnet",Inverter,Danfoss,"FC 101 2,2 kW",adet,EURTRY,269.19,0,0,20,,"FC 101 2,2 kW Frekans Konvertörü, 400 VAC, 5,3A %110 Yüklenme, IP 20, EMC/RFI Filtre, Modbus RTU, Bacnet",Seri: Danfoss VLT® Hvac Drives,true
DANFOSS-FC-101-3-KW-016,"FC 101 3 kW Frekans Konvertörü, 400 VAC, 7,2A %110 Yüklenme, IP 20, EMC/RFI Filtre, Modbus RTU, Bacnet",Inverter,Danfoss,FC 101 3 kW,adet,EURTRY,301.11,0,0,20,,"FC 101 3 kW Frekans Konvertörü, 400 VAC, 7,2A %110 Yüklenme, IP 20, EMC/RFI Filtre, Modbus RTU, Bacnet",Seri: Danfoss VLT® Hvac Drives,true
DANFOSS-FC-101-4-KW-017,"FC 101 4 kW Frekans Konvertörü, 400 VAC, 9,1A %110 Yüklenme, IP 20, EMC/RFI Filtre, Modbus RTU, Bacnet",Inverter,Danfoss,FC 101 4 kW,adet,EURTRY,321.60,0,0,20,,"FC 101 4 kW Frekans Konvertörü, 400 VAC, 9,1A %110 Yüklenme, IP 20, EMC/RFI Filtre, Modbus RTU, Bacnet",Seri: Danfoss VLT® Hvac Drives,true
DANFOSS-FC-101-5-5-KW-018,"FC 101 5,5 kW Frekans Konvertörü, 400 VAC, 12A %110 Yüklenme, IP 20, EMC/RFI Filtre, Modbus RTU, Bacnet",Inverter,Danfoss,"FC 101 5,5 kW",adet,EURTRY,372.10,0,0,20,,"FC 101 5,5 kW Frekans Konvertörü, 400 VAC, 12A %110 Yüklenme, IP 20, EMC/RFI Filtre, Modbus RTU, Bacnet",Seri: Danfoss VLT® Hvac Drives,true
DANFOSS-FC-101-7-5-KW-019,"FC 101 7,5 kW Frekans Konvertörü, 400 VAC, 15,5A %110 Yüklenme, IP 20, EMC/RFI Filtre, Modbus RTU, Bacnet",Inverter,Danfoss,"FC 101 7,5 kW",adet,EURTRY,418.79,0,0,20,,"FC 101 7,5 kW Frekans Konvertörü, 400 VAC, 15,5A %110 Yüklenme, IP 20, EMC/RFI Filtre, Modbus RTU, Bacnet",Seri: Danfoss VLT® Hvac Drives,true
DANFOSS-FC-101-11-KW-020,"FC 101 11 kW Frekans Konvertörü, 400 VAC, 23A %110 Yüklenme, IP 20, EMC/RFI Filtre, Modbus RTU, Bacnet",Inverter,Danfoss,FC 101 11 kW,adet,EURTRY,554.51,0,0,20,,"FC 101 11 kW Frekans Konvertörü, 400 VAC, 23A %110 Yüklenme, IP 20, EMC/RFI Filtre, Modbus RTU, Bacnet",Seri: Danfoss VLT® Hvac Drives,true
DANFOSS-FC-101-15-KW-021,"FC 101 15 kW Frekans Konvertörü, 400 VAC, 31A %110 Yüklenme, IP 20, EMC/RFI Filtre, Modbus RTU, Bacnet",Inverter,Danfoss,FC 101 15 kW,adet,EURTRY,635.48,0,0,20,,"FC 101 15 kW Frekans Konvertörü, 400 VAC, 31A %110 Yüklenme, IP 20, EMC/RFI Filtre, Modbus RTU, Bacnet",Seri: Danfoss VLT® Hvac Drives,true
DANFOSS-FC-101-18-5-KW-022,"FC 101 18,5 kW Frekans Konvertörü, 400 VAC, 37A %110 Yüklenme, IP 20, EMC/RFI Filtre, Modbus RTU, Bacnet",Inverter,Danfoss,"FC 101 18,5 kW",adet,EURTRY,802.32,0,0,20,,"FC 101 18,5 kW Frekans Konvertörü, 400 VAC, 37A %110 Yüklenme, IP 20, EMC/RFI Filtre, Modbus RTU, Bacnet",Seri: Danfoss VLT® Hvac Drives,true
DANFOSS-FC-101-22-KW-023,"FC 101 22 kW Frekans Konvertörü, 400 VAC, 42,5A %110 Yüklenme, IP 20, EMC/RFI Filtre, Modbus RTU, Bacnet",Inverter,Danfoss,FC 101 22 kW,adet,EURTRY,941.19,0,0,20,,"FC 101 22 kW Frekans Konvertörü, 400 VAC, 42,5A %110 Yüklenme, IP 20, EMC/RFI Filtre, Modbus RTU, Bacnet",Seri: Danfoss VLT® Hvac Drives,true
DANFOSS-FC-101-30-KW-024,"FC 101 30 kW Frekans Konvertörü, 400 VAC, 61A %110 Yüklenme, IP 20, EMC/RFI Filtre, Modbus RTU, Bacnet",Inverter,Danfoss,FC 101 30 kW,adet,EURTRY,1077.12,0,0,20,,"FC 101 30 kW Frekans Konvertörü, 400 VAC, 61A %110 Yüklenme, IP 20, EMC/RFI Filtre, Modbus RTU, Bacnet",Seri: Danfoss VLT® Hvac Drives,true
DANFOSS-FC-101-37-KW-025,"FC 101 37 kW Frekans Konvertörü, 400 VAC, 73A %110 Yüklenme, IP 20, EMC/RFI Filtre, Modbus RTU, Bacnet",Inverter,Danfoss,FC 101 37 kW,adet,EURTRY,1325.42,0,0,20,,"FC 101 37 kW Frekans Konvertörü, 400 VAC, 73A %110 Yüklenme, IP 20, EMC/RFI Filtre, Modbus RTU, Bacnet",Seri: Danfoss VLT® Hvac Drives,true
DANFOSS-FC-101-45-KW-026,"FC 101 45 kW Frekans Konvertörü, 400 VAC, 90A %110 Yüklenme, IP 20, EMC/RFI Filtre, Modbus RTU, Bacnet",Inverter,Danfoss,FC 101 45 kW,adet,EURTRY,1628.68,0,0,20,,"FC 101 45 kW Frekans Konvertörü, 400 VAC, 90A %110 Yüklenme, IP 20, EMC/RFI Filtre, Modbus RTU, Bacnet",Seri: Danfoss VLT® Hvac Drives,true
DANFOSS-FC-101-55-KW-027,"FC 101 55 kW Frekans Konvertörü, 400 VAC, 106A %110 Yüklenme, IP 20, EMC/RFI Filtre, Modbus RTU, Bacnet",Inverter,Danfoss,FC 101 55 kW,adet,EURTRY,1957.47,0,0,20,,"FC 101 55 kW Frekans Konvertörü, 400 VAC, 106A %110 Yüklenme, IP 20, EMC/RFI Filtre, Modbus RTU, Bacnet",Seri: Danfoss VLT® Hvac Drives,true
DANFOSS-FC-101-75-KW-028,"FC 101 75 kW Frekans Konvertörü, 400 VAC, 147A %110 Yüklenme, IP 20, EMC/RFI Filtre, Modbus RTU, Bacnet",Inverter,Danfoss,FC 101 75 kW,adet,EURTRY,2227.85,0,0,20,,"FC 101 75 kW Frekans Konvertörü, 400 VAC, 147A %110 Yüklenme, IP 20, EMC/RFI Filtre, Modbus RTU, Bacnet",Seri: Danfoss VLT® Hvac Drives,true
DANFOSS-FC-101-90-KW-029,"FC 101 90 kW Frekans Konvertörü, 400 VAC, 177A %110 Yüklenme, IP 20, EMC/RFI Filtre, Modbus RTU, Bacnet",Inverter,Danfoss,FC 101 90 kW,adet,EURTRY,2626.80,0,0,20,,"FC 101 90 kW Frekans Konvertörü, 400 VAC, 177A %110 Yüklenme, IP 20, EMC/RFI Filtre, Modbus RTU, Bacnet",Seri: Danfoss VLT® Hvac Drives,true
DANFOSS-LCP-31-030,VLT® Control Panel LCP 31,Kontrol Panelleri,Danfoss,LCP 31,adet,EURTRY,44.45,0,0,20,,VLT® Control Panel LCP 31,Seri: Danfoss VLT® Options,true
DANFOSS-FC-102-1-1-KW-031,"FC 102 1,1 kW Frekans Konvertörü, 400 VAC, 3A, %110 Yüklenme, IP 20, EMC/RFI Filtre, DC Şok Bobini, Modbus RTU, Bacnet, Gelişmiş Türkçe Kontrol Paneli",Inverter,Danfoss,"FC 102 1,1 kW",adet,EURTRY,315.29,0,0,20,,"FC 102 1,1 kW Frekans Konvertörü, 400 VAC, 3A, %110 Yüklenme, IP 20, EMC/RFI Filtre, DC Şok Bobini, Modbus RTU, Bacnet, Gelişmiş Türkçe Kontrol Paneli",Seri: Danfoss VLT® Hvac Drives,true
DANFOSS-FC-102-1-5-KW-032,"FC 102 1,5 kW Frekans Konvertörü, 400 VAC, 4.1A, %110 Yüklenme, IP 20, EMC/RFI Filtre, DC Şok Bobini, Modbus RTU, Bacnet, Gelişmiş Türkçe Kontrol Paneli",Inverter,Danfoss,"FC 102 1,5 kW",adet,EURTRY,361.39,0,0,20,,"FC 102 1,5 kW Frekans Konvertörü, 400 VAC, 4.1A, %110 Yüklenme, IP 20, EMC/RFI Filtre, DC Şok Bobini, Modbus RTU, Bacnet, Gelişmiş Türkçe Kontrol Paneli",Seri: Danfoss VLT® Hvac Drives,true
DANFOSS-FC-102-2-2-KW-033,"FC 102 2,2 kW Frekans Konvertörü, 400 VAC, 5.6A, %110 Yüklenme, IP 20, EMC/RFI Filtre, DC Şok Bobini, Modbus RTU, Bacnet, Gelişmiş Türkçe Kontrol Paneli",Inverter,Danfoss,"FC 102 2,2 kW",adet,EURTRY,434.24,0,0,20,,"FC 102 2,2 kW Frekans Konvertörü, 400 VAC, 5.6A, %110 Yüklenme, IP 20, EMC/RFI Filtre, DC Şok Bobini, Modbus RTU, Bacnet, Gelişmiş Türkçe Kontrol Paneli",Seri: Danfoss VLT® Hvac Drives,true
DANFOSS-FC-102-3-KW-034,"FC 102 3 kW Frekans Konvertörü, 400 VAC, 7.2A, %110 Yüklenme, IP 20, EMC/RFI Filtre, DC Şok Bobini, Modbus RTU, Bacnet, Gelişmiş Türkçe Kontrol Paneli",Inverter,Danfoss,FC 102 3 kW,adet,EURTRY,483.19,0,0,20,,"FC 102 3 kW Frekans Konvertörü, 400 VAC, 7.2A, %110 Yüklenme, IP 20, EMC/RFI Filtre, DC Şok Bobini, Modbus RTU, Bacnet, Gelişmiş Türkçe Kontrol Paneli",Seri: Danfoss VLT® Hvac Drives,true
DANFOSS-FC-102-4-KW-035,"FC 102 4 kW Frekans Konvertörü, 400 VAC, 10A, %110 Yüklenme, IP 20, EMC/RFI Filtre, DC Şok Bobini, Modbus RTU, Bacnet, Gelişmiş Türkçe Kontrol Paneli",Inverter,Danfoss,FC 102 4 kW,adet,EURTRY,514.49,0,0,20,,"FC 102 4 kW Frekans Konvertörü, 400 VAC, 10A, %110 Yüklenme, IP 20, EMC/RFI Filtre, DC Şok Bobini, Modbus RTU, Bacnet, Gelişmiş Türkçe Kontrol Paneli",Seri: Danfoss VLT® Hvac Drives,true
DANFOSS-FC-102-5-5-KW-036,"FC 102 5,5 kW Frekans Konvertörü, 400 VAC, 13A, %110 Yüklenme, IP 20, EMC/RFI Filtre, DC Şok Bobini, Modbus RTU, Bacnet, Gelişmiş Türkçe Kontrol Paneli",Inverter,Danfoss,"FC 102 5,5 kW",adet,EURTRY,592.46,0,0,20,,"FC 102 5,5 kW Frekans Konvertörü, 400 VAC, 13A, %110 Yüklenme, IP 20, EMC/RFI Filtre, DC Şok Bobini, Modbus RTU, Bacnet, Gelişmiş Türkçe Kontrol Paneli",Seri: Danfoss VLT® Hvac Drives,true
DANFOSS-FC-102-7-5-KW-037,"FC 102 7,5 kW Frekans Konvertörü, 400 VAC, 16A, %110 Yüklenme, IP 20, EMC/RFI Filtre, DC Şok Bobini, Modbus RTU, Bacnet, Gelişmiş Türkçe Kontrol Paneli",Inverter,Danfoss,"FC 102 7,5 kW",adet,EURTRY,663.60,0,0,20,,"FC 102 7,5 kW Frekans Konvertörü, 400 VAC, 16A, %110 Yüklenme, IP 20, EMC/RFI Filtre, DC Şok Bobini, Modbus RTU, Bacnet, Gelişmiş Türkçe Kontrol Paneli",Seri: Danfoss VLT® Hvac Drives,true
DANFOSS-FC-102-11-KW-038,"FC 102 11 kW Frekans Konvertörü, 400 VAC, 24A, %110 Yüklenme, IP 20, EMC/RFI Filtre, DC Şok Bobini, Modbus RTU, Bacnet, Gelişmiş Türkçe Kontrol Paneli",Inverter,Danfoss,FC 102 11 kW,adet,EURTRY,666.40,0,0,20,,"FC 102 11 kW Frekans Konvertörü, 400 VAC, 24A, %110 Yüklenme, IP 20, EMC/RFI Filtre, DC Şok Bobini, Modbus RTU, Bacnet, Gelişmiş Türkçe Kontrol Paneli",Seri: Danfoss VLT® Hvac Drives,true
DANFOSS-FC-102-15-KW-039,"FC 102 15 kW Frekans Konvertörü, 400 VAC, 32A, %110 Yüklenme, IP 20, EMC/RFI Filtre, DC Şok Bobini, Modbus RTU, Bacnet, Gelişmiş Türkçe Kontrol Paneli",Inverter,Danfoss,FC 102 15 kW,adet,EURTRY,760.90,0,0,20,,"FC 102 15 kW Frekans Konvertörü, 400 VAC, 32A, %110 Yüklenme, IP 20, EMC/RFI Filtre, DC Şok Bobini, Modbus RTU, Bacnet, Gelişmiş Türkçe Kontrol Paneli",Seri: Danfoss VLT® Hvac Drives,true
DANFOSS-FC-102-18-5-KW-040,"FC 102 18,5 kW Frekans Konvertörü, 400 VAC, 37.5A, %110 Yüklenme, IP 20, EMC/RFI Filtre, DC Şok Bobini, Modbus RTU, Bacnet, Gelişmiş Türkçe Kontrol Paneli",Inverter,Danfoss,"FC 102 18,5 kW",adet,EURTRY,956.16,0,0,20,,"FC 102 18,5 kW Frekans Konvertörü, 400 VAC, 37.5A, %110 Yüklenme, IP 20, EMC/RFI Filtre, DC Şok Bobini, Modbus RTU, Bacnet, Gelişmiş Türkçe Kontrol Paneli",Seri: Danfoss VLT® Hvac Drives,true
DANFOSS-FC-102-22-KW-041,"FC 102 22 kW Frekans Konvertörü, 400 VAC, 44A, %110 Yüklenme, IP 20, EMC/RFI Filtre, DC Şok Bobini, Modbus RTU, Bacnet, Gelişmiş Türkçe Kontrol Paneli",Inverter,Danfoss,FC 102 22 kW,adet,EURTRY,1119.18,0,0,20,,"FC 102 22 kW Frekans Konvertörü, 400 VAC, 44A, %110 Yüklenme, IP 20, EMC/RFI Filtre, DC Şok Bobini, Modbus RTU, Bacnet, Gelişmiş Türkçe Kontrol Paneli",Seri: Danfoss VLT® Hvac Drives,true
DANFOSS-FC-102-30-KW-042,"FC 102 30 kW Frekans Konvertörü, 400 VAC, 61A, %110 Yüklenme, IP 20, EMC/RFI Filtre, DC Şok Bobini, Modbus RTU, Bacnet, Gelişmiş Türkçe Kontrol Paneli",Inverter,Danfoss,FC 102 30 kW,adet,EURTRY,1300.56,0,0,20,,"FC 102 30 kW Frekans Konvertörü, 400 VAC, 61A, %110 Yüklenme, IP 20, EMC/RFI Filtre, DC Şok Bobini, Modbus RTU, Bacnet, Gelişmiş Türkçe Kontrol Paneli",Seri: Danfoss VLT® Hvac Drives,true
DANFOSS-FC-102-37-KW-043,"FC 102 37 kW Frekans Konvertörü, 400 VAC, 73A, %110 Yüklenme, IP 20, EMC/RFI Filtre, DC Şok Bobini, Modbus RTU, Bacnet, Gelişmiş Türkçe Kontrol Paneli",Inverter,Danfoss,FC 102 37 kW,adet,EURTRY,1591.66,0,0,20,,"FC 102 37 kW Frekans Konvertörü, 400 VAC, 73A, %110 Yüklenme, IP 20, EMC/RFI Filtre, DC Şok Bobini, Modbus RTU, Bacnet, Gelişmiş Türkçe Kontrol Paneli",Seri: Danfoss VLT® Hvac Drives,true
DANFOSS-FC-102-45-KW-044,"FC 102 45 kW Frekans Konvertörü, 400 VAC, 90A, %110 Yüklenme, IP 20, EMC/RFI Filtre, DC Şok Bobini, Modbus RTU, Bacnet, Gelişmiş Türkçe Kontrol Paneli",Inverter,Danfoss,FC 102 45 kW,adet,EURTRY,1946.36,0,0,20,,"FC 102 45 kW Frekans Konvertörü, 400 VAC, 90A, %110 Yüklenme, IP 20, EMC/RFI Filtre, DC Şok Bobini, Modbus RTU, Bacnet, Gelişmiş Türkçe Kontrol Paneli",Seri: Danfoss VLT® Hvac Drives,true
DANFOSS-FC-102-55-KW-045,"FC 102 55 kW Frekans Konvertörü, 400 VAC, 106A, %110 Yüklenme, IP 20, EMC/RFI Filtre, DC Şok Bobini, Modbus RTU, Bacnet, Gelişmiş Türkçe Kontrol Paneli",Inverter,Danfoss,FC 102 55 kW,adet,EURTRY,2331.07,0,0,20,,"FC 102 55 kW Frekans Konvertörü, 400 VAC, 106A, %110 Yüklenme, IP 20, EMC/RFI Filtre, DC Şok Bobini, Modbus RTU, Bacnet, Gelişmiş Türkçe Kontrol Paneli",Seri: Danfoss VLT® Hvac Drives,true
DANFOSS-FC-102-75-KW-046,"FC 102 75 kW Frekans Konvertörü, 400 VAC, 147A, %110 Yüklenme, IP 20, EMC/RFI Filtre, DC Şok Bobini, Modbus RTU, Bacnet, Gelişmiş Türkçe Kontrol Paneli",Inverter,Danfoss,FC 102 75 kW,adet,EURTRY,2647.25,0,0,20,,"FC 102 75 kW Frekans Konvertörü, 400 VAC, 147A, %110 Yüklenme, IP 20, EMC/RFI Filtre, DC Şok Bobini, Modbus RTU, Bacnet, Gelişmiş Türkçe Kontrol Paneli",Seri: Danfoss VLT® Hvac Drives,true
GMT-GAIN-INVERTER-0-40KW-220-380V-047,"GAİN İNVERTER 0,40KW 220/380V",Inverter,GMT,"GAİN İNVERTER 0,40KW 220/380V",adet,EURTRY,81.36,0,0,20,,"GAİN İNVERTER 0,40KW 220/380V",Seri: GMT,true
GMT-GAIN-INVERTER-0-75KW-220-380V-048,"GAİN İNVERTER 0,75KW 220/380V",Inverter,GMT,"GAİN İNVERTER 0,75KW 220/380V",adet,EURTRY,87.54,0,0,20,,"GAİN İNVERTER 0,75KW 220/380V",Seri: GMT,true
GMT-GAIN-INVERTER-1-5KW-220-380V-049,"GAİN İNVERTER 1,5KW 220/380V",Inverter,GMT,"GAİN İNVERTER 1,5KW 220/380V",adet,EURTRY,116.38,0,0,20,,"GAİN İNVERTER 1,5KW 220/380V",Seri: GMT,true
GMT-GAIN-INVERTER-2-2KW-220-380V-050,"GAİN İNVERTER 2,2KW 220/380V",Inverter,GMT,"GAİN İNVERTER 2,2KW 220/380V",adet,EURTRY,143.68,0,0,20,,"GAİN İNVERTER 2,2KW 220/380V",Seri: GMT,true
GMT-MIKNO-INVERTER-0-75KW-380-380V-051,"MİKNO İNVERTER 0,75KW 380/380V",Inverter,GMT,"MİKNO İNVERTER 0,75KW 380/380V",adet,EURTRY,123.59,0,0,20,,"MİKNO İNVERTER 0,75KW 380/380V",Seri: GMT,true
GMT-MIKNO-INVERTER-1-5KW-380-380V-052,"MİKNO İNVERTER 1,5KW 380/380V",Inverter,GMT,"MİKNO İNVERTER 1,5KW 380/380V",adet,EURTRY,138.00,0,0,20,,"MİKNO İNVERTER 1,5KW 380/380V",Seri: GMT,true
GMT-MIKNO-INVERTER-2-2KW-380-380V-053,"MİKNO İNVERTER 2,2KW 380/380V",Inverter,GMT,"MİKNO İNVERTER 2,2KW 380/380V",adet,EURTRY,154.48,0,0,20,,"MİKNO İNVERTER 2,2KW 380/380V",Seri: GMT,true
GMT-MIKNO-INVERTER-3-7KW-380-380V-054,"MİKNO İNVERTER 3,7KW 380/380V",Inverter,GMT,"MİKNO İNVERTER 3,7KW 380/380V",adet,EURTRY,164.78,0,0,20,,"MİKNO İNVERTER 3,7KW 380/380V",Seri: GMT,true
GMT-MIKNO-INVERTER-5-5KW-380-380V-055,MİKNO İNVERTER 5.5KW 380/380V,Inverter,GMT,MİKNO İNVERTER 5.5KW 380/380V,adet,EURTRY,267.00,0,0,20,,MİKNO İNVERTER 5.5KW 380/380V,Seri: GMT,true
GMT-MIKNO-INVERTER-7-5KW-380-380V-056,MİKNO İNVERTER 7.5KW 380/380V,Inverter,GMT,MİKNO İNVERTER 7.5KW 380/380V,adet,EURTRY,294.55,0,0,20,,MİKNO İNVERTER 7.5KW 380/380V,Seri: GMT,true
GMT-MIKNO-INVERTER-11KW-380-380V-057,MİKNO İNVERTER 11KW 380/380V,Inverter,GMT,MİKNO İNVERTER 11KW 380/380V,adet,EURTRY,380.03,0,0,20,,MİKNO İNVERTER 11KW 380/380V,Seri: GMT,true
GMT-MIKNO-INVERTER-15KW-380-380V-058,MİKNO İNVERTER 15KW 380/380V,Inverter,GMT,MİKNO İNVERTER 15KW 380/380V,adet,EURTRY,480.96,0,0,20,,MİKNO İNVERTER 15KW 380/380V,Seri: GMT,true
GMT-MIKNO-INVERTER-18-5KW-380-380V-059,"MİKNO İNVERTER 18,5KW 380/380V",Inverter,GMT,"MİKNO İNVERTER 18,5KW 380/380V",adet,EURTRY,555.11,0,0,20,,"MİKNO İNVERTER 18,5KW 380/380V",Seri: GMT,true
GMT-MIKNO-INVERTER-22KW-380-380V-060,MİKNO İNVERTER 22KW 380/380V,Inverter,GMT,MİKNO İNVERTER 22KW 380/380V,adet,EURTRY,654.00,0,0,20,,MİKNO İNVERTER 22KW 380/380V,Seri: GMT,true
GMT-MIKNO-INVERTER-30KW-380-380V-061,MİKNO İNVERTER 30KW 380/380V,Inverter,GMT,MİKNO İNVERTER 30KW 380/380V,adet,EURTRY,851.71,0,0,20,,MİKNO İNVERTER 30KW 380/380V,Seri: GMT,true
GMT-MIKNO-INVERTER-37KW-380-380V-062,MİKNO İNVERTER 37KW 380/380V,Inverter,GMT,MİKNO İNVERTER 37KW 380/380V,adet,EURTRY,1084.47,0,0,20,,MİKNO İNVERTER 37KW 380/380V,Seri: GMT,true
HAVKON-2-5A-FAN-H-Z-ANAHTAR-063,2.5A Fan Hız Anahtarı,Kontrol Cihazları,HAVKON,2.5A Fan Hız Anahtarı,adet,EURTRY,32.18,0,0,20,,2.5A Fan Hız Anahtarı,Seri: HAVKON,true
HAVKON-5-0A-FAN-H-Z-ANAHTAR-064,5.0A Fan Hız Anahtarı,Kontrol Cihazları,HAVKON,5.0A Fan Hız Anahtarı,adet,EURTRY,37.70,0,0,20,,5.0A Fan Hız Anahtarı,Seri: HAVKON,true
HAVKON-7-5A-FAN-H-Z-ANAHTAR-065,7.5A Fan Hız Anahtarı,Kontrol Cihazları,HAVKON,7.5A Fan Hız Anahtarı,adet,EURTRY,55.17,0,0,20,,7.5A Fan Hız Anahtarı,Seri: HAVKON,true
HAVKON-3-KADEME-FAN-H-Z-ANAHTAR-066,3 Kademe Fan Hız Anahtarı (Maks. 10A),Kontrol Cihazları,HAVKON,3 Kademe Fan Hız Anahtarı,adet,EURTRY,78.16,0,0,20,,3 Kademe Fan Hız Anahtarı (Maks. 10A),Seri: HAVKON,true
HAVKON-0-10V-KONTROL-FAN-H-Z-ANAHTAR-067,0-10V Kontrol Fan Hız Anahtarı (Maks. 10A),Kontrol Cihazları,HAVKON,0-10V Kontrol Fan Hız Anahtarı,adet,EURTRY,137.93,0,0,20,,0-10V Kontrol Fan Hız Anahtarı (Maks. 10A),Seri: HAVKON,true
HAVKON-10A-MODBUS-KONTROL-FAN-H-Z-068,10A (Modbus) Kontrol Fan Hız Anahtarı,Kontrol Cihazları,HAVKON,10A (Modbus) Kontrol Fan Hız,adet,EURTRY,156.32,0,0,20,,10A (Modbus) Kontrol Fan Hız Anahtarı,Seri: HAVKON,true
HAVKON-DUVAR-MONTAJ-NEM-TRANSMITTER-0-10V-4-20MA-069,Duvar Montaj Nem Transmitterı (0-10V/4-20mA),Nem Sensörleri,HAVKON,Duvar Montaj Nem Transmitterı (0-10V/4-20mA),adet,EURTRY,170.00,0,0,20,,Duvar Montaj Nem Transmitterı (0-10V/4-20mA),Seri: HAVKON,true
HAVKON-KANAL-MONTAJ-NEM-TRANSMITTER-0-10V-4-20MA-070,Kanal Montaj Nem Transmitterı(0-10V/4-20mA),Nem Sensörleri,HAVKON,Kanal Montaj Nem Transmitterı(0-10V/4-20mA),adet,EURTRY,175.00,0,0,20,,Kanal Montaj Nem Transmitterı(0-10V/4-20mA),Seri: HAVKON,true
HAVKON-ODA-TIPI-NEM-TRANSMITTER-0-10V-4-20MA-071,Oda Tipi Nem Transmitterı(0-10V/4-20mA),Nem Sensörleri,HAVKON,Oda Tipi Nem Transmitterı(0-10V/4-20mA),adet,EURTRY,145.00,0,0,20,,Oda Tipi Nem Transmitterı(0-10V/4-20mA),Seri: HAVKON,true
HAVKON-KANAL-MONTAJ-S-CAKL-K-TRANSMITTER-0-10V-4-20MA-072,Kanal Montaj Sıcaklık Transmitterı(0-10V/4-20mA),Kontrol Cihazları,HAVKON,Kanal Montaj Sıcaklık Transmitterı(0-10V/4-20mA),adet,EURTRY,156.00,0,0,20,,Kanal Montaj Sıcaklık Transmitterı(0-10V/4-20mA),Seri: HAVKON,true
HAVKON-DUVAR-MONTAJ-S-CAKL-K-TRANSMITTER-0-10V-4-20MA-073,Duvar Montaj Sıcaklık Transmitterı(0-10V/4-20mA),Kontrol Cihazları,HAVKON,Duvar Montaj Sıcaklık Transmitterı(0-10V/4-20mA),adet,EURTRY,155.00,0,0,20,,Duvar Montaj Sıcaklık Transmitterı(0-10V/4-20mA),Seri: HAVKON,true
HAVKON-ODA-TIPI-S-CAKL-K-TRANSMITTER-0-10V-4-20MA-074,Oda Tİpi Sıcaklık Transmitterı(0-10V/4-20mA),Kontrol Cihazları,HAVKON,Oda Tİpi Sıcaklık Transmitterı(0-10V/4-20mA),adet,EURTRY,140.00,0,0,20,,Oda Tİpi Sıcaklık Transmitterı(0-10V/4-20mA),Seri: HAVKON,true
HAVKON-KANAL-MONTAJ-CO2-TRANSMITTER-0-10V-4-20MA-0-2000PPM-075,Kanal Montaj CO2 Transmitterı(0-10V/4-20mA)(0-2000ppm),CO2 Sensörleri,HAVKON,Kanal Montaj CO2 Transmitterı(0-10V/4-20mA)(0-2000ppm),adet,EURTRY,255.00,0,0,20,,Kanal Montaj CO2 Transmitterı(0-10V/4-20mA)(0-2000ppm),Seri: HAVKON,true
HAVKON-ODA-TIPI-CO2-TRANSMITTER-0-10V-4-20MA-0-2000PPM-076,Oda Tipi CO2 Transmitterı(0-10V/4-20mA)(0-2000ppm),CO2 Sensörleri,HAVKON,Oda Tipi CO2 Transmitterı(0-10V/4-20mA)(0-2000ppm),adet,EURTRY,247.00,0,0,20,,Oda Tipi CO2 Transmitterı(0-10V/4-20mA)(0-2000ppm),Seri: HAVKON,true
HAVKON-FARK-BAS-NC-TRANSMITTER-250-250PA-0-10V-4-20MA-077,Fark Basınç Transmitterı -250…250Pa (0-10V/4-20mA),Kontrol Cihazları,HAVKON,Fark Basınç Transmitterı -250…250Pa (0-10V/4-20mA),adet,EURTRY,175.00,0,0,20,,Fark Basınç Transmitterı -250…250Pa (0-10V/4-20mA),Seri: HAVKON,true
HAVKON-FARK-BAS-NC-TRANSMITTER-250-250PA-0-10V-4-20MA-078,Fark Basınç Transmitterı -250…250Pa (0-10V/4-20mA) Ekstra Ekran ve PID Kontrol Özelliği,Kontrol Cihazları,HAVKON,Fark Basınç Transmitterı -250…250Pa (0-10V/4-20mA),adet,EURTRY,320.00,0,0,20,,Fark Basınç Transmitterı -250…250Pa (0-10V/4-20mA) Ekstra Ekran ve PID Kontrol Özelliği,Seri: HAVKON,true
HAVKON-FARK-BAS-NC-TRANSMITTER-100-2000PA-0-10V-4-20MA-079,Fark Basınç Transmitterı -100…2000Pa (0-10V/4-20mA) Ekstra Ekran ve PID Kontrol Özelliği,Kontrol Cihazları,HAVKON,Fark Basınç Transmitterı -100…2000Pa (0-10V/4-20mA),adet,EURTRY,400.00,0,0,20,,Fark Basınç Transmitterı -100…2000Pa (0-10V/4-20mA) Ekstra Ekran ve PID Kontrol Özelliği,Seri: HAVKON,true
HAVKON-0-16-BAR-BAS-NC-TRANSMITTER-0-10V-080,0-16 Bar Basınç Transmitterı (0-10V) G1/4,Basınç Sensörleri,HAVKON,0-16 Bar Basınç Transmitterı (0-10V),adet,EURTRY,80.00,0,0,20,,0-16 Bar Basınç Transmitterı (0-10V) G1/4,Seri: HAVKON,true
HAVKON-0-25-BAR-BAS-NC-TRANSMITTER-0-10V-081,0-25 Bar Basınç Transmitterı (0-10V) G1/4,Basınç Sensörleri,HAVKON,0-25 Bar Basınç Transmitterı (0-10V),adet,EURTRY,80.00,0,0,20,,0-25 Bar Basınç Transmitterı (0-10V) G1/4,Seri: HAVKON,true
HAVKON-0-40-BAR-BAS-NC-TRANSMITTER-0-10V-082,0-40 Bar Basınç Transmitterı (0-10V) G1/4,Basınç Sensörleri,HAVKON,0-40 Bar Basınç Transmitterı (0-10V),adet,EURTRY,80.00,0,0,20,,0-40 Bar Basınç Transmitterı (0-10V) G1/4,Seri: HAVKON,true
HAVKON-KANAL-MONTAJ-NTC10K-S-CAKL-K-SENSORU-083,Kanal Montaj NTC10K Sıcaklık Sensörü,Sıcaklık Sensörleri,HAVKON,Kanal Montaj NTC10K Sıcaklık Sensörü,adet,EURTRY,22.00,0,0,20,,Kanal Montaj NTC10K Sıcaklık Sensörü,Seri: HAVKON,true
HAVKON-KANAL-MONTAJ-PT1000-S-CAKL-K-SENSORU-084,Kanal Montaj PT1000 Sıcaklık Sensörü 200mm,Sıcaklık Sensörleri,HAVKON,Kanal Montaj PT1000 Sıcaklık Sensörü,adet,EURTRY,26.00,0,0,20,,Kanal Montaj PT1000 Sıcaklık Sensörü 200mm,Seri: HAVKON,true
HAVKON-KANAL-MONTAJ-PT100-S-CAKL-K-SENSORU-085,Kanal Montaj PT100 Sıcaklık Sensörü 200mm,Sıcaklık Sensörleri,HAVKON,Kanal Montaj PT100 Sıcaklık Sensörü,adet,EURTRY,26.00,0,0,20,,Kanal Montaj PT100 Sıcaklık Sensörü 200mm,Seri: HAVKON,true
HAVKON-D-S-MEKAN-NTC10K-S-CAKL-K-SENSORU-086,Dış Mekan NTC10K Sıcaklık Sensörü,Sıcaklık Sensörleri,HAVKON,Dış Mekan NTC10K Sıcaklık Sensörü,adet,EURTRY,40.00,0,0,20,,Dış Mekan NTC10K Sıcaklık Sensörü,Seri: HAVKON,true
HAVKON-D-S-MEKAN-PT1000-S-CAKL-K-SENSORU-087,Dış Mekan PT1000 Sıcaklık Sensörü,Sıcaklık Sensörleri,HAVKON,Dış Mekan PT1000 Sıcaklık Sensörü,adet,EURTRY,42.00,0,0,20,,Dış Mekan PT1000 Sıcaklık Sensörü,Seri: HAVKON,true
HAVKON-D-S-MEKAN-PT1000-S-CAKL-K-SENSORU-088,Dış Mekan PT1000 Sıcaklık Sensörü,Sıcaklık Sensörleri,HAVKON,Dış Mekan PT1000 Sıcaklık Sensörü,adet,EURTRY,42.00,0,0,20,,Dış Mekan PT1000 Sıcaklık Sensörü,Seri: HAVKON,true
HAVKON-ODA-TIPI-NTC10K-S-CAKL-K-SENSORU-089,Oda Tipi NTC10K Sıcaklık Sensörü,Sıcaklık Sensörleri,HAVKON,Oda Tipi NTC10K Sıcaklık Sensörü,adet,EURTRY,19.00,0,0,20,,Oda Tipi NTC10K Sıcaklık Sensörü,Seri: HAVKON,true
HAVKON-ODA-TIPI-PT1000-S-CAKL-K-SENSORU-090,Oda Tipi PT1000 Sıcaklık Sensörü,Sıcaklık Sensörleri,HAVKON,Oda Tipi PT1000 Sıcaklık Sensörü,adet,EURTRY,21.00,0,0,20,,Oda Tipi PT1000 Sıcaklık Sensörü,Seri: HAVKON,true
HAVKON-ODA-TIPI-PT100-S-CAKL-K-SENSORU-091,Oda Tipi PT100 Sıcaklık Sensörü,Sıcaklık Sensörleri,HAVKON,Oda Tipi PT100 Sıcaklık Sensörü,adet,EURTRY,21.00,0,0,20,,Oda Tipi PT100 Sıcaklık Sensörü,Seri: HAVKON,true
HAVKON-KABLO-TIPI-NTC10K-S-CAKL-K-SENSORU-1M-092,Kablo Tipi NTC10K Sıcaklık Sensörü(1m.,Sıcaklık Sensörleri,HAVKON,Kablo Tipi NTC10K Sıcaklık Sensörü(1m.,adet,EURTRY,10.00,0,0,20,,Kablo Tipi NTC10K Sıcaklık Sensörü(1m.,Seri: HAVKON,true
HAVKON-KABLO-TIPI-PT1000-S-CAKL-K-SENSORU-1M-093,Kablo Tipi PT1000 Sıcaklık Sensörü(1m.,Sıcaklık Sensörleri,HAVKON,Kablo Tipi PT1000 Sıcaklık Sensörü(1m.,adet,EURTRY,22.00,0,0,20,,Kablo Tipi PT1000 Sıcaklık Sensörü(1m.,Seri: HAVKON,true
HAVKON-KABLO-TIPI-PT1000-S-CAKL-K-SENSORU-1M-094,Kablo Tipi PT1000 Sıcaklık Sensörü(1m.,Sıcaklık Sensörleri,HAVKON,Kablo Tipi PT1000 Sıcaklık Sensörü(1m.,adet,EURTRY,22.00,0,0,20,,Kablo Tipi PT1000 Sıcaklık Sensörü(1m.,Seri: HAVKON,true
HAVKON-20-200PASCAL-10PA-AYARL-095,"20..200Pascal, 10Pa Ayarlı",Basınç Sensörleri,HAVKON,"20..200Pascal, 10Pa Ayarlı",adet,EURTRY,23.00,0,0,20,,"20..200Pascal, 10Pa Ayarlı",Seri: HAVKON,true
HAVKON-50-500PASCAL-20PA-AYARL-096,"50..500Pascal, 20Pa Ayarlı",Basınç Sensörleri,HAVKON,"50..500Pascal, 20Pa Ayarlı",adet,EURTRY,23.00,0,0,20,,"50..500Pascal, 20Pa Ayarlı",Seri: HAVKON,true
HAVKON-200-1000PASCAL-100PA-AYARL-097,"200..1000Pascal, 100Pa Ayarlı",Basınç Sensörleri,HAVKON,"200..1000Pascal, 100Pa Ayarlı",adet,EURTRY,23.00,0,0,20,,"200..1000Pascal, 100Pa Ayarlı",Seri: HAVKON,true
HAVKON-500-2500PASCAL-150PA-AYARL-098,"500..2500Pascal, 150Pa Ayarlı",Basınç Sensörleri,HAVKON,"500..2500Pascal, 150Pa Ayarlı",adet,EURTRY,23.00,0,0,20,,"500..2500Pascal, 150Pa Ayarlı",Seri: HAVKON,true
HAVKON-S-V-AK-S-ANAHTAR-MODEL-1-099,Sıvı Akış Anahtarı Model 1,Kontrol Cihazları,HAVKON,Sıvı Akış Anahtarı Model 1,adet,EURTRY,85.00,0,0,20,,Sıvı Akış Anahtarı Model 1,Seri: HAVKON,true
HAVKON-MEKANIK-ODA-TERMOSTAT-100,Mekanik Oda Termostatı,Termostatlar,HAVKON,Mekanik Oda Termostatı,adet,EURTRY,24.83,0,0,20,,Mekanik Oda Termostatı,Seri: HAVKON,true
HAVKON-DIJITAL-ODA-TERMOSTAT-S-VA-USTU-101,Dijital Oda Termostatı(Sıva Üstü),Termostatlar,HAVKON,Dijital Oda Termostatı(Sıva Üstü),adet,EURTRY,57.04,0,0,20,,Dijital Oda Termostatı(Sıva Üstü),Seri: HAVKON,true
HAVKON-DIJITAL-ODA-TERMOSTAT-S-VA-USTU-HAFTAL-K-102,Dijital Oda Termostatı(Sıva Üstü)(Haftalık),Termostatlar,HAVKON,Dijital Oda Termostatı(Sıva Üstü)(Haftalık),adet,EURTRY,73.60,0,0,20,,Dijital Oda Termostatı(Sıva Üstü)(Haftalık),Seri: HAVKON,true
HAVKON-2-4-BORULU-MEKANIK-103,2 - 4 Borulu Mekanik Fan Coil Termostatı,Termostatlar,HAVKON,2 - 4 Borulu Mekanik,adet,EURTRY,23.92,0,0,20,,2 - 4 Borulu Mekanik Fan Coil Termostatı,Seri: HAVKON,true
HAVKON-2-4-BORULU-DIJITAL-104,2 - 4 Borulu Dijital Fan Coil Termostatı,Termostatlar,HAVKON,2 - 4 Borulu Dijital,adet,EURTRY,60.72,0,0,20,,2 - 4 Borulu Dijital Fan Coil Termostatı,Seri: HAVKON,true
HAVKON-FCT-1010-D-T-105,FCT.1010.D.T 2 - 4 Borulu Dijital Fan Coil Termostatı(Haftalık Programlı),Termostatlar,HAVKON,FCT.1010.D.T,adet,EURTRY,73.60,0,0,20,,FCT.1010.D.T 2 - 4 Borulu Dijital Fan Coil Termostatı(Haftalık Programlı),Seri: HAVKON,true
HAVKON-FCT-1010-D-M-T-106,FCT.1010.D.M.T 2 - 4 Borulu Dijital Fan Coil Termostatı(Haftalık Programlı),Termostatlar,HAVKON,FCT.1010.D.M.T,adet,EURTRY,92.00,0,0,20,,FCT.1010.D.M.T 2 - 4 Borulu Dijital Fan Coil Termostatı(Haftalık Programlı),Seri: HAVKON,true
HAVKON-SCT-2350-107,SCT.2350 2 - 4 Borulu Dokunmatik Fan Coil Termostatı,Termostatlar,HAVKON,SCT.2350,adet,EURTRY,101.20,0,0,20,,SCT.2350 2 - 4 Borulu Dokunmatik Fan Coil Termostatı,Seri: HAVKON,true
HAVKON-SCT-2350-T-108,SCT.2350.T 2 - 4 Borulu Dokunmatik Fan Coil Termostatı (Haftalık Programlı),Termostatlar,HAVKON,SCT.2350.T,adet,EURTRY,114.08,0,0,20,,SCT.2350.T 2 - 4 Borulu Dokunmatik Fan Coil Termostatı (Haftalık Programlı),Seri: HAVKON,true
HAVKON-SCT-2350-M-T-109,SCT.2350.M.T 2 - 4 Borulu Dokunmatik Fan Coil Termostatı (Haftalık Programlı - Modbus),Termostatlar,HAVKON,SCT.2350.M.T,adet,EURTRY,128.80,0,0,20,,SCT.2350.M.T 2 - 4 Borulu Dokunmatik Fan Coil Termostatı (Haftalık Programlı - Modbus),Seri: HAVKON,true
HAVKON-SCT-2321-110,SCT.2321 2 - 4 Borulu EC Fanlı Dokunmatik Fan Coil Termostatı,Termostatlar,HAVKON,SCT.2321,adet,EURTRY,110.40,0,0,20,,SCT.2321 2 - 4 Borulu EC Fanlı Dokunmatik Fan Coil Termostatı,Seri: HAVKON,true
HAVKON-SCT-2321-T-111,SCT.2321.T 2 - 4 Borulu Dijital Fan Coil Termostatı(Haftalık Programlı),Termostatlar,HAVKON,SCT.2321.T,adet,EURTRY,124.20,0,0,20,,SCT.2321.T 2 - 4 Borulu Dijital Fan Coil Termostatı(Haftalık Programlı),Seri: HAVKON,true
HAVKON-SCT-2321-M-T-112,SCT.2321.M.T 2 - 4 Borulu Dijital Fan Coil Termostatı(Haftalık Programlı),Termostatlar,HAVKON,SCT.2321.M.T,adet,EURTRY,154.56,0,0,20,,SCT.2321.M.T 2 - 4 Borulu Dijital Fan Coil Termostatı(Haftalık Programlı),Seri: HAVKON,true
HAVKON-HCT-2340-113,HCT.2340 fan + 3 Kademe Isıtıcı Kontrol Termostatı,Termostatlar,HAVKON,HCT.2340,adet,EURTRY,128.80,0,0,20,,HCT.2340 fan + 3 Kademe Isıtıcı Kontrol Termostatı,Seri: HAVKON,true
HAVKON-HCT-2350-114,HCT.2350 Heat Pump Kontrol Termostatı,Termostatlar,HAVKON,HCT.2350,adet,EURTRY,156.40,0,0,20,,HCT.2350 Heat Pump Kontrol Termostatı,Seri: HAVKON,true
HAVKON-HCT-2421-115,HCT.2421 VAV Kontrol Termostatı,Termostatlar,HAVKON,HCT.2421,adet,EURTRY,165.60,0,0,20,,HCT.2421 VAV Kontrol Termostatı,Seri: HAVKON,true
HAVKON-M1001-X-3-KADEME-FAN-KONTROLLU-116,M1001-X 3 Kademe Fan Kontrollü Isı Geri Kazanım Kontrol Kartı,Kontrol Cihazları,HAVKON,M1001-X 3 Kademe Fan Kontrollü,adet,EURTRY,78.20,0,0,20,,M1001-X 3 Kademe Fan Kontrollü Isı Geri Kazanım Kontrol Kartı,Seri: HAVKON,true
HAVKON-M1001-XS-3-KADEME-FAN-KONTROLLU-117,M1001-XS 3 Kademe Fan Kontrollü Isı Geri Kazanım Kontrol Kartı,Kontrol Cihazları,HAVKON,M1001-XS 3 Kademe Fan Kontrollü,adet,EURTRY,134.32,0,0,20,,M1001-XS 3 Kademe Fan Kontrollü Isı Geri Kazanım Kontrol Kartı,Seri: HAVKON,true
HAVKON-M1002-X-6-KADEME-FAN-KONTROLLU-118,M1002-X 6 Kademe Fan Kontrollü Isı Geri Kazanım Kontrol Kartı,Kontrol Cihazları,HAVKON,M1002-X 6 Kademe Fan Kontrollü,adet,EURTRY,78.20,0,0,20,,M1002-X 6 Kademe Fan Kontrollü Isı Geri Kazanım Kontrol Kartı,Seri: HAVKON,true
HAVKON-M1002-XS-6-KADEME-FAN-KONTROLLU-119,M1002-XS 6 Kademe Fan Kontrollü Isı Geri Kazanım Kontrol Kartı,Kontrol Cihazları,HAVKON,M1002-XS 6 Kademe Fan Kontrollü,adet,EURTRY,134.32,0,0,20,,M1002-XS 6 Kademe Fan Kontrollü Isı Geri Kazanım Kontrol Kartı,Seri: HAVKON,true
HAVKON-BCP-2021-120,BCP.2021 Standart Isı Geri Kazanım Kontrol Paneli,Kontrol Cihazları,HAVKON,BCP.2021,adet,EURTRY,78.20,0,0,20,,BCP.2021 Standart Isı Geri Kazanım Kontrol Paneli,Seri: HAVKON,true
HAVKON-HCP-2021-121,HCP.2021 Gelişmiş Isı Geri Kazanım Kontrol Paneli,Kontrol Cihazları,HAVKON,HCP.2021,adet,USDTRY,82.80,0,0,20,,HCP.2021 Gelişmiş Isı Geri Kazanım Kontrol Paneli,Seri: HAVKON,true
HAVKON-CPX-119-122,"CPX.119 DDC Controller (8UI,6DO,1AI,4AO)",Kontrol Cihazları,HAVKON,CPX.119,adet,EURTRY,280.00,0,0,20,,"CPX.119 DDC Controller (8UI,6DO,1AI,4AO)",Seri: HAVKON,true
HAVKON-CPX-139-123,"CPX.139 DDC Controller (16UI,12DO,5AI,6AO)",Kontrol Cihazları,HAVKON,CPX.139,adet,EURTRY,413.00,0,0,20,,"CPX.139 DDC Controller (16UI,12DO,5AI,6AO)",Seri: HAVKON,true
HAVKON-HCP-2021-AHU-124,HCP.2021.AHU Ahu Santral Oda Paneli,Kontrol Cihazları,HAVKON,HCP.2021.AHU,adet,EURTRY,130.00,0,0,20,,HCP.2021.AHU Ahu Santral Oda Paneli,Seri: HAVKON,true
HAVKON-CPX-139-RFC-125,CPX.139.RFC Rooftop Kontrol Kartı,Kontrol Cihazları,HAVKON,CPX.139.RFC,adet,EURTRY,500.00,0,0,20,,CPX.139.RFC Rooftop Kontrol Kartı,Seri: HAVKON,true
HAVKON-CPX-119-DHMC-126,CPX.119.DHMC Nem Alma Kontrol Kartı,Kontrol Cihazları,HAVKON,CPX.119.DHMC,adet,EURTRY,400.00,0,0,20,,CPX.119.DHMC Nem Alma Kontrol Kartı,Seri: HAVKON,true
HAVKON-CPX-119-WSHP-127,CPX.119.WSHP WSHP Kontrol Kartı,Kontrol Cihazları,HAVKON,CPX.119.WSHP,adet,EURTRY,400.00,0,0,20,,CPX.119.WSHP WSHP Kontrol Kartı,Seri: HAVKON,true
HAVKON-HPC-1015-128,HPC.1015 Oransal Monofaze Elektrikli Isıtıcı Kontrol Cihazı 15A,Kontrol Cihazları,HAVKON,HPC.1015,adet,EURTRY,105.00,0,0,20,,HPC.1015 Oransal Monofaze Elektrikli Isıtıcı Kontrol Cihazı 15A,Seri: HAVKON,true
HAVKON-ORANSAL-MONOFAZE-ELEKTRIKLI-IS-T-C-KONTROL-129,Oransal Monofaze Elektrikli Isıtıcı Kontrol Cihazı 25A,Kontrol Cihazları,HAVKON,Oransal Monofaze Elektrikli Isıtıcı Kontrol,adet,EURTRY,110.00,0,0,20,,Oransal Monofaze Elektrikli Isıtıcı Kontrol Cihazı 25A,Seri: HAVKON,true
HAVKON-ORANSAL-TRIFAZE-ELEKTRIKLI-IS-T-C-KONTROL-130,Oransal Trifaze Elektrikli Isıtıcı Kontrol Cihazı 15A,Kontrol Cihazları,HAVKON,Oransal Trifaze Elektrikli Isıtıcı Kontrol,adet,EURTRY,140.00,0,0,20,,Oransal Trifaze Elektrikli Isıtıcı Kontrol Cihazı 15A,Seri: HAVKON,true
HAVKON-ORANSAL-TRIFAZE-ELEKTRIKLI-IS-T-C-KONTROL-131,Oransal Trifaze Elektrikli Isıtıcı Kontrol Cihazı 25A,Kontrol Cihazları,HAVKON,Oransal Trifaze Elektrikli Isıtıcı Kontrol,adet,EURTRY,175.00,0,0,20,,Oransal Trifaze Elektrikli Isıtıcı Kontrol Cihazı 25A,Seri: HAVKON,true
HAVKON-2NM-24V-TORK-ON-OFF-YUZER-0-4M2-132,"2Nm 24V Tork On/Off-Yüzer (0,4m2)",Damper,HAVKON,"2Nm 24V Tork On/Off-Yüzer (0,4m2)",adet,EURTRY,91.00,0,0,20,,"2Nm 24V Tork On/Off-Yüzer (0,4m2)",Seri: HAVKON,true
HAVKON-2NM-230V-TORK-ON-OFF-YUZER-0-4M2-133,"2Nm 230V Tork On/Off-Yüzer (0,4m2)",Damper,HAVKON,"2Nm 230V Tork On/Off-Yüzer (0,4m2)",adet,EURTRY,91.00,0,0,20,,"2Nm 230V Tork On/Off-Yüzer (0,4m2)",Seri: HAVKON,true
HAVKON-5NM-24V-TORK-ON-OFF-YUZER-1M2-134,5Nm 24V Tork On/Off-Yüzer (1m2),Damper,HAVKON,5Nm 24V Tork On/Off-Yüzer (1m2),adet,EURTRY,98.00,0,0,20,,5Nm 24V Tork On/Off-Yüzer (1m2),Seri: HAVKON,true
HAVKON-5NM-230V-TORK-ON-OFF-YUZER-1M2-135,5Nm 230V Tork On/Off-Yüzer (1m2),Damper,HAVKON,5Nm 230V Tork On/Off-Yüzer (1m2),adet,EURTRY,98.00,0,0,20,,5Nm 230V Tork On/Off-Yüzer (1m2),Seri: HAVKON,true
HAVKON-5NM-ORANSAL-KONTROL-0-10V-1M2-136,5Nm Oransal Kontrol 0-10V (1m2),Kontrol Cihazları,HAVKON,5Nm Oransal Kontrol 0-10V (1m2),adet,EURTRY,147.00,0,0,20,,5Nm Oransal Kontrol 0-10V (1m2),Seri: HAVKON,true
HAVKON-10NM-24V-TORK-ON-OFF-YUZER-2M2-137,10Nm 24V Tork On/Off-Yüzer (2m2),Damper,HAVKON,10Nm 24V Tork On/Off-Yüzer (2m2),adet,EURTRY,114.00,0,0,20,,10Nm 24V Tork On/Off-Yüzer (2m2),Seri: HAVKON,true
HAVKON-10NM-230V-TORK-ON-OFF-YUZER-2M2-138,10Nm 230V Tork On/Off-Yüzer (2m2),Damper,HAVKON,10Nm 230V Tork On/Off-Yüzer (2m2),adet,EURTRY,114.00,0,0,20,,10Nm 230V Tork On/Off-Yüzer (2m2),Seri: HAVKON,true
HAVKON-10NM-ORANSAL-KONTROL-0-10V-2M2-139,10Nm Oransal Kontrol 0-10V(2m2),Kontrol Cihazları,HAVKON,10Nm Oransal Kontrol 0-10V(2m2),adet,EURTRY,163.00,0,0,20,,10Nm Oransal Kontrol 0-10V(2m2),Seri: HAVKON,true
HAVKON-15NM-24V-TORK-ON-OFF-YUZER-3M2-140,15Nm 24V Tork On/Off-Yüzer (3m2),Damper,HAVKON,15Nm 24V Tork On/Off-Yüzer (3m2),adet,EURTRY,154.00,0,0,20,,15Nm 24V Tork On/Off-Yüzer (3m2),Seri: HAVKON,true
HAVKON-15NM-230V-TORK-ON-OFF-YUZER-3M2-141,15Nm 230V Tork On/Off-Yüzer (3m2),Damper,HAVKON,15Nm 230V Tork On/Off-Yüzer (3m2),adet,EURTRY,154.00,0,0,20,,15Nm 230V Tork On/Off-Yüzer (3m2),Seri: HAVKON,true
HAVKON-15NM-ORANSAL-KONTROL-0-10V-3M2-142,15Nm Oransal Kontrol 0-10V (3m2),Kontrol Cihazları,HAVKON,15Nm Oransal Kontrol 0-10V (3m2),adet,EURTRY,198.00,0,0,20,,15Nm Oransal Kontrol 0-10V (3m2),Seri: HAVKON,true
HAVKON-2NM-24VAC-DC-YAY-GERI-DONUSLU-143,"2Nm 24VAC/DC Yay Geri Dönüşlü Damper Aktuator (0,4m2)",Damper,HAVKON,2Nm 24VAC/DC Yay Geri Dönüşlü,adet,EURTRY,110.00,0,0,20,,"2Nm 24VAC/DC Yay Geri Dönüşlü Damper Aktuator (0,4m2)",Seri: HAVKON,true
HAVKON-V2NM-230VAC-YAY-GERI-DONUSLU-144,"V2Nm 230VAC Yay Geri Dönüşlü Damper Aktuator (0,4m2)",Damper,HAVKON,V2Nm 230VAC Yay Geri Dönüşlü,adet,EURTRY,110.00,0,0,20,,"V2Nm 230VAC Yay Geri Dönüşlü Damper Aktuator (0,4m2)",Seri: HAVKON,true
HAVKON-5NM-24VAC-DC-YAY-GERI-DONUSLU-145,5Nm 24VAC/DC Yay Geri Dönüşlü Damper Aktuator (1m2),Damper,HAVKON,5Nm 24VAC/DC Yay Geri Dönüşlü,adet,EURTRY,163.00,0,0,20,,5Nm 24VAC/DC Yay Geri Dönüşlü Damper Aktuator (1m2),Seri: HAVKON,true
HAVKON-5NM-230VAC-YAY-GERI-DONUSLU-146,5Nm 230VAC Yay Geri Dönüşlü Damper Aktuator (1m2),Damper,HAVKON,5Nm 230VAC Yay Geri Dönüşlü,adet,EURTRY,163.00,0,0,20,,5Nm 230VAC Yay Geri Dönüşlü Damper Aktuator (1m2),Seri: HAVKON,true
HAVKON-10NM-24VAC-DC-YAY-GERI-DONUSLU-147,10Nm 24VAC/DC Yay Geri Dönüşlü Damper Aktuator (1.5m2),Damper,HAVKON,10Nm 24VAC/DC Yay Geri Dönüşlü,adet,EURTRY,186.00,0,0,20,,10Nm 24VAC/DC Yay Geri Dönüşlü Damper Aktuator (1.5m2),Seri: HAVKON,true
HAVKON-10NM-230VAC-YAY-GERI-DONUSLU-148,10Nm 230VAC Yay Geri Dönüşlü Damper Aktuator (1.5m2),Damper,HAVKON,10Nm 230VAC Yay Geri Dönüşlü,adet,EURTRY,186.00,0,0,20,,10Nm 230VAC Yay Geri Dönüşlü Damper Aktuator (1.5m2),Seri: HAVKON,true
HAVKON-15NM-24VAC-DC-YAY-GERI-DONUSLU-149,15Nm 24VAC/DC Yay Geri Dönüşlü Damper Aktuator (2m2),Damper,HAVKON,15Nm 24VAC/DC Yay Geri Dönüşlü,adet,EURTRY,238.00,0,0,20,,15Nm 24VAC/DC Yay Geri Dönüşlü Damper Aktuator (2m2),Seri: HAVKON,true
HAVKON-15NM-230VAC-YAY-GERI-DONUSLU-150,15Nm 230VAC Yay Geri Dönüşlü Damper Aktuator (2m2),Damper,HAVKON,15Nm 230VAC Yay Geri Dönüşlü,adet,EURTRY,238.00,0,0,20,,15Nm 230VAC Yay Geri Dönüşlü Damper Aktuator (2m2),Seri: HAVKON,true
HAVKON-30NM-24VAC-DC-YAY-GERI-DONUSLU-151,30Nm 24VAC/DC Yay Geri Dönüşlü Damper,Damper,HAVKON,30Nm 24VAC/DC Yay Geri Dönüşlü,adet,EURTRY,482.00,0,0,20,,30Nm 24VAC/DC Yay Geri Dönüşlü Damper,Seri: HAVKON,true
HAVKON-30NM-24VAC-DC-YAY-GERI-DONUSLU-152,30Nm 24VAC/DC Yay Geri Dönüşlü Damper,Damper,HAVKON,30Nm 24VAC/DC Yay Geri Dönüşlü,adet,EURTRY,482.00,0,0,20,,30Nm 24VAC/DC Yay Geri Dönüşlü Damper,Seri: HAVKON,true
