"code","name","category","brand","model","unit","currency_code","sale_price","stock_quantity","minimum_stock","vat_rate","lead_time","description","technical_summary","is_active"
"WD750-2A3-2","WellDrive WD750 0.4 kW Inverter","Inverter","WellDrive","WD750","adet","USDTRY","0","0","0","20","","WellDrive WD750 0.4 kW Inverter","Seri: WD750 | Referans: WD750-2A3-2 | Giris: 1 Faz, 200-230 Vac | Nominal akim: 2,3 A","true"
"WD750-4A0-2","WellDrive WD750 0.75 kW Inverter","Inverter","WellDrive","WD750","adet","USDTRY","0","0","0","20","","WellDrive WD750 0.75 kW Inverter","Seri: WD750 | Referans: WD750-4A0-2 | Giris: 1 Faz, 200-230 Vac | Nominal akim: 4 A","true"
"WD750-7A0-2","WellDrive WD750 1.5 kW Inverter","Inverter","WellDrive","WD750","adet","USDTRY","0","0","0","20","","WellDrive WD750 1.5 kW Inverter","Seri: WD750 | Referans: WD750-7A0-2 | Giris: 1 Faz, 200-230 Vac | Nominal akim: 7 A","true"
"WD750-9A6-2","WellDrive WD750 2.2 kW Inverter","Inverter","WellDrive","WD750","adet","USDTRY","0","0","0","20","","WellDrive WD750 2.2 kW Inverter","Seri: WD750 | Referans: WD750-9A6-2 | Giris: 1 Faz, 200-230 Vac | Nominal akim: 9,6 A","true"
"WD750-13A-2","WellDrive WD750 3 kW Inverter","Inverter","WellDrive","WD750","adet","USDTRY","0","0","0","20","","WellDrive WD750 3 kW Inverter","Seri: WD750 | Referans: WD750-13A-2 | Giris: 1 Faz, 200-230 Vac | Nominal akim: 13 A","true"
"WD750-17A-2","WellDrive WD750 4 kW Inverter","Inverter","WellDrive","WD750","adet","USDTRY","0","0","0","20","","WellDrive WD750 4 kW Inverter","Seri: WD750 | Referans: WD750-17A-2 | Giris: 1 Faz, 200-230 Vac | Nominal akim: 17 A","true"
"WD750-25A-2","WellDrive WD750 5.5 kW Inverter","Inverter","WellDrive","WD750","adet","USDTRY","0","0","0","20","","WellDrive WD750 5.5 kW Inverter","Seri: WD750 | Referans: WD750-25A-2 | Giris: 1 Faz, 200-230 Vac | Nominal akim: 25 A","true"
"WD750-32A-2","WellDrive WD750 7.5 kW Inverter","Inverter","WellDrive","WD750","adet","USDTRY","0","0","0","20","","WellDrive WD750 7.5 kW Inverter","Seri: WD750 | Referans: WD750-32A-2 | Giris: 1 Faz, 200-230 Vac | Nominal akim: 32 A","true"
"WD750-2A1-4","WellDrive WD750 0.75 - 1.5 kW Inverter","Inverter","WellDrive","WD750","adet","USDTRY","0","0","0","20","","WellDrive WD750 0.75 - 1.5 kW Inverter","Seri: WD750 | Referans: WD750-2A1-4 | Giris: 3 Faz, 380-440 Vac | Nominal akim: 2,1 A / 3,8 A","true"
"WD750-3A8-4","WellDrive WD750 1.5 - 2.2 kW Inverter","Inverter","WellDrive","WD750","adet","USDTRY","0","0","0","20","","WellDrive WD750 1.5 - 2.2 kW Inverter","Seri: WD750 | Referans: WD750-3A8-4 | Giris: 3 Faz, 380-440 Vac | Nominal akim: 3,8 A / 5,1 A","true"
"WD750-5A1-4","WellDrive WD750 2.2 - 4 kW Inverter","Inverter","WellDrive","WD750","adet","USDTRY","0","0","0","20","","WellDrive WD750 2.2 - 4 kW Inverter","Seri: WD750 | Referans: WD750-5A1-4 | Giris: 3 Faz, 380-440 Vac | Nominal akim: 5,1 A / 9 A","true"
"WD750-9A0-4","WellDrive WD750 4 - 5.5 kW Inverter","Inverter","WellDrive","WD750","adet","USDTRY","0","0","0","20","","WellDrive WD750 4 - 5.5 kW Inverter","Seri: WD750 | Referans: WD750-9A0-4 | Giris: 3 Faz, 380-440 Vac | Nominal akim: 9 A / 13 A","true"
"WD750-13A-4","WellDrive WD750 5.5 - 7.5 kW Inverter","Inverter","WellDrive","WD750","adet","USDTRY","0","0","0","20","","WellDrive WD750 5.5 - 7.5 kW Inverter","Seri: WD750 | Referans: WD750-13A-4 | Giris: 3 Faz, 380-440 Vac | Nominal akim: 13 A / 17 A","true"
"WD750-17A-4","WellDrive WD750 7.5 - 11 kW Inverter","Inverter","WellDrive","WD750","adet","USDTRY","0","0","0","20","","WellDrive WD750 7.5 - 11 kW Inverter","Seri: WD750 | Referans: WD750-17A-4 | Giris: 3 Faz, 380-440 Vac | Nominal akim: 17 A / 25 A","true"
"WD750-25A-4","WellDrive WD750 11 - 15 kW Inverter","Inverter","WellDrive","WD750","adet","USDTRY","0","0","0","20","","WellDrive WD750 11 - 15 kW Inverter","Seri: WD750 | Referans: WD750-25A-4 | Giris: 3 Faz, 380-440 Vac | Nominal akim: 25 A / 32 A","true"
"WD750-32A-4","WellDrive WD750 15 - 18.5 kW Inverter","Inverter","WellDrive","WD750","adet","USDTRY","0","0","0","20","","WellDrive WD750 15 - 18.5 kW Inverter","Seri: WD750 | Referans: WD750-32A-4 | Giris: 3 Faz, 380-440 Vac | Nominal akim: 32 A / 37 A","true"
"WD750-37A-4","WellDrive WD750 18.5 - 22 kW Inverter","Inverter","WellDrive","WD750","adet","USDTRY","0","0","0","20","","WellDrive WD750 18.5 - 22 kW Inverter","Seri: WD750 | Referans: WD750-37A-4 | Giris: 3 Faz, 380-440 Vac | Nominal akim: 37 A / 45 A","true"
"WD750-45A-4","WellDrive WD750 22 - 30 kW Inverter","Inverter","WellDrive","WD750","adet","USDTRY","0","0","0","20","","WellDrive WD750 22 - 30 kW Inverter","Seri: WD750 | Referans: WD750-45A-4 | Giris: 3 Faz, 380-440 Vac | Nominal akim: 45 A / 60 A","true"
"WD750-60A-4","WellDrive WD750 30 - 37 kW Inverter","Inverter","WellDrive","WD750","adet","USDTRY","0","0","0","20","","WellDrive WD750 30 - 37 kW Inverter","Seri: WD750 | Referans: WD750-60A-4 | Giris: 3 Faz, 380-440 Vac | Nominal akim: 60 A / 75 A","true"
"WD750-75A-4","WellDrive WD750 37 - 45 kW Inverter","Inverter","WellDrive","WD750","adet","USDTRY","0","0","0","20","","WellDrive WD750 37 - 45 kW Inverter","Seri: WD750 | Referans: WD750-75A-4 | Giris: 3 Faz, 380-440 Vac | Nominal akim: 75 A / 91 A","true"
"WD750-91A-4","WellDrive WD750 45 - 55 kW Inverter","Inverter","WellDrive","WD750","adet","USDTRY","0","0","0","20","","WellDrive WD750 45 - 55 kW Inverter","Seri: WD750 | Referans: WD750-91A-4 | Giris: 3 Faz, 380-440 Vac | Nominal akim: 91 A / 112 A","true"
"WD750-112A-4","WellDrive WD750 55 - 75 kW Inverter","Inverter","WellDrive","WD750","adet","USDTRY","0","0","0","20","","WellDrive WD750 55 - 75 kW Inverter","Seri: WD750 | Referans: WD750-112A-4 | Giris: 3 Faz, 380-440 Vac | Nominal akim: 112 A / 150 A","true"
"WD750-150A-4","WellDrive WD750 75 - 90 kW Inverter","Inverter","WellDrive","WD750","adet","USDTRY","0","0","0","20","","WellDrive WD750 75 - 90 kW Inverter","Seri: WD750 | Referans: WD750-150A-4 | Giris: 3 Faz, 380-440 Vac | Nominal akim: 150 A / 176 A","true"
"WD750-176A-4","WellDrive WD750 90 - 110 kW Inverter","Inverter","WellDrive","WD750","adet","USDTRY","0","0","0","20","","WellDrive WD750 90 - 110 kW Inverter","Seri: WD750 | Referans: WD750-176A-4 | Giris: 3 Faz, 380-440 Vac | Nominal akim: 176 A / 210 A","true"
"WD750-210A-4","WellDrive WD750 110 - 132 kW Inverter","Inverter","WellDrive","WD750","adet","USDTRY","0","0","0","20","","WellDrive WD750 110 - 132 kW Inverter","Seri: WD750 | Referans: WD750-210A-4 | Giris: 3 Faz, 380-440 Vac | Nominal akim: 210 A / 253 A","true"
"WD770-3A7-4","WellDrive WD770 1.5 kW Inverter","Inverter","WellDrive","WD770","adet","USDTRY","0","0","0","20","","WellDrive WD770 1.5 kW Inverter","Seri: WD770 | Referans: WD770-3A7-4 | Giris: 3 Faz, 380-440 Vac | Nominal akim: 3,7 A","true"
"WD770-5A0-4","WellDrive WD770 2.2 kW Inverter","Inverter","WellDrive","WD770","adet","USDTRY","0","0","0","20","","WellDrive WD770 2.2 kW Inverter","Seri: WD770 | Referans: WD770-5A0-4 | Giris: 3 Faz, 380-440 Vac | Nominal akim: 5 A","true"
"WD770-9A5-4","WellDrive WD770 4 kW Inverter","Inverter","WellDrive","WD770","adet","USDTRY","0","0","0","20","","WellDrive WD770 4 kW Inverter","Seri: WD770 | Referans: WD770-9A5-4 | Giris: 3 Faz, 380-440 Vac | Nominal akim: 9,5 A","true"
"WD770-13A-4","WellDrive WD770 5.5 kW Inverter","Inverter","WellDrive","WD770","adet","USDTRY","0","0","0","20","","WellDrive WD770 5.5 kW Inverter","Seri: WD770 | Referans: WD770-13A-4 | Giris: 3 Faz, 380-440 Vac | Nominal akim: 13 A","true"
"WD770-17A-4","WellDrive WD770 7.5 kW Inverter","Inverter","WellDrive","WD770","adet","USDTRY","0","0","0","20","","WellDrive WD770 7.5 kW Inverter","Seri: WD770 | Referans: WD770-17A-4 | Giris: 3 Faz, 380-440 Vac | Nominal akim: 17 A","true"
"WD770-25A-4","WellDrive WD770 11 kW Inverter","Inverter","WellDrive","WD770","adet","USDTRY","0","0","0","20","","WellDrive WD770 11 kW Inverter","Seri: WD770 | Referans: WD770-25A-4 | Giris: 3 Faz, 380-440 Vac | Nominal akim: 25 A","true"
"WD770-32A-4","WellDrive WD770 15 kW Inverter","Inverter","WellDrive","WD770","adet","USDTRY","0","0","0","20","","WellDrive WD770 15 kW Inverter","Seri: WD770 | Referans: WD770-32A-4 | Giris: 3 Faz, 380-440 Vac | Nominal akim: 32 A","true"
"WD770-38A-4","WellDrive WD770 18.5 kW Inverter","Inverter","WellDrive","WD770","adet","USDTRY","0","0","0","20","","WellDrive WD770 18.5 kW Inverter","Seri: WD770 | Referans: WD770-38A-4 | Giris: 3 Faz, 380-440 Vac | Nominal akim: 38 A","true"
"WD770-45A-4","WellDrive WD770 22 kW Inverter","Inverter","WellDrive","WD770","adet","USDTRY","0","0","0","20","","WellDrive WD770 22 kW Inverter","Seri: WD770 | Referans: WD770-45A-4 | Giris: 3 Faz, 380-440 Vac | Nominal akim: 45 A","true"
"WD770-60A-4","WellDrive WD770 30 kW Inverter","Inverter","WellDrive","WD770","adet","USDTRY","0","0","0","20","","WellDrive WD770 30 kW Inverter","Seri: WD770 | Referans: WD770-60A-4 | Giris: 3 Faz, 380-440 Vac | Nominal akim: 60 A","true"
"WD770-75A-4","WellDrive WD770 37 kW Inverter","Inverter","WellDrive","WD770","adet","USDTRY","0","0","0","20","","WellDrive WD770 37 kW Inverter","Seri: WD770 | Referans: WD770-75A-4 | Giris: 3 Faz, 380-440 Vac | Nominal akim: 75 A","true"
"WD770-92A-4","WellDrive WD770 45 kW Inverter","Inverter","WellDrive","WD770","adet","USDTRY","0","0","0","20","","WellDrive WD770 45 kW Inverter","Seri: WD770 | Referans: WD770-92A-4 | Giris: 3 Faz, 380-440 Vac | Nominal akim: 92 A","true"
"WD770-115A-4","WellDrive WD770 55 kW Inverter","Inverter","WellDrive","WD770","adet","USDTRY","0","0","0","20","","WellDrive WD770 55 kW Inverter","Seri: WD770 | Referans: WD770-115A-4 | Giris: 3 Faz, 380-440 Vac | Nominal akim: 115 A","true"
"WD770-150A-4","WellDrive WD770 75 kW Inverter","Inverter","WellDrive","WD770","adet","USDTRY","0","0","0","20","","WellDrive WD770 75 kW Inverter","Seri: WD770 | Referans: WD770-150A-4 | Giris: 3 Faz, 380-440 Vac | Nominal akim: 150 A","true"
"WD770-180A-4","WellDrive WD770 90 kW Inverter","Inverter","WellDrive","WD770","adet","USDTRY","0","0","0","20","","WellDrive WD770 90 kW Inverter","Seri: WD770 | Referans: WD770-180A-4 | Giris: 3 Faz, 380-440 Vac | Nominal akim: 180 A","true"
"WD770-215A-4","WellDrive WD770 110 kW Inverter","Inverter","WellDrive","WD770","adet","USDTRY","0","0","0","20","","WellDrive WD770 110 kW Inverter","Seri: WD770 | Referans: WD770-215A-4 | Giris: 3 Faz, 380-440 Vac | Nominal akim: 215 A","true"
"WD770-250A-4","WellDrive WD770 132 kW Inverter","Inverter","WellDrive","WD770","adet","USDTRY","0","0","0","20","","WellDrive WD770 132 kW Inverter","Seri: WD770 | Referans: WD770-250A-4 | Giris: 3 Faz, 380-440 Vac | Nominal akim: 250 A","true"
"WD770-305A-4","WellDrive WD770 160 kW Inverter","Inverter","WellDrive","WD770","adet","USDTRY","0","0","0","20","","WellDrive WD770 160 kW Inverter","Seri: WD770 | Referans: WD770-305A-4 | Giris: 3 Faz, 380-440 Vac | Nominal akim: 305 A","true"
"WD770-380A-4","WellDrive WD770 200 kW Inverter","Inverter","WellDrive","WD770","adet","USDTRY","0","0","0","20","","WellDrive WD770 200 kW Inverter","Seri: WD770 | Referans: WD770-380A-4 | Giris: 3 Faz, 380-440 Vac | Nominal akim: 380 A","true"
